Player,Conf,G,GS,MP,FG,FGA,FG%,2P,2PA,2P%,3P,3PA,3P%,FT,FTA,FT%,ORB,DRB,TRB,AST,STL,BLK,TOV,PF,PTS,SOS,NBA PER,Classification,Classification2
Deron WIlliams,Big Ten,39,39,33.7,4.6,10.5,0.433,2.8,5.7,0.491,1.7,4.8,0.364,1.7,2.5,0.677,0.4,3.3,3.6,6.8,1,0.2,2.8,2.1,12.5,8.47,18.2,2,2
Chris Paul,ACC,32,31,33.4,4.5,9.9,0.451,3,6.9,0.441,1.4,3,0.474,4.9,5.8,0.834,0.7,3.8,4.5,6.6,2.4,0,2.8,2.6,15.3,10.27,25.1,1,1
Raymond Felton,ACC,36,35,31.7,4.2,9.2,0.455,2.2,4.8,0.468,1.9,4.4,0.44,2.6,3.7,0.701,0.6,3.7,4.3,6.9,2,0.3,3.6,2,12.9,10.66,13.8,3,4
Nate Robinson,Pac-10,35,35,31.5,5.4,11.6,0.463,3.6,7,0.514,1.8,4.6,0.385,3.9,5,0.782,1.5,2.3,3.9,4.3,1.7,0.2,2,2.8,16.4,7.66,15.6,3,3
Jarrett Jack,ACC,32,31,34.1,5.1,10,0.514,3.7,6.7,0.549,1.4,3.3,0.442,3.8,4.4,0.866,0.3,4.6,4.8,4.5,1.8,0.1,3.4,1.7,15.5,9.78,14.1,3,4
Luther Head,Big Ten,39,39,33.3,5.5,11.8,0.463,2.5,4.6,0.547,3,7.3,0.41,2,2.5,0.788,0.6,3.4,4,3.8,1.7,0.2,1.8,1.4,15.9,8.47,12.3,4,4
Salim Stoudamire,Pac-10,36,33,31.3,5.8,11.6,0.504,2.5,5,0.503,3.3,6.6,0.504,3.4,3.7,0.91,0.3,2.1,2.3,2.2,0.8,0.1,2.4,1.8,18.4,8.03,11.8,4,4
Daniel Ewing,ACC,33,32,34.5,5.5,12.8,0.427,3.4,6.8,0.498,2.1,6,0.347,2.2,3.2,0.692,0.7,2.5,3.2,4,2,0.4,3,3,15.3,10.04,8.3,4,5
Orien Greene,Sun Belt,24,23,32.3,3.8,9.9,0.388,2.4,5.5,0.443,1.4,4.4,0.321,2.6,3.4,0.756,1.4,3.3,4.7,4.1,2.8,0.3,3.5,3,11.7,1.91,6.1,4,5
Quincy Douby,Big East,33,33,36.7,8.7,18.8,0.462,5.2,10.1,0.515,3.5,8.8,0.401,4.5,5.3,0.847,0.8,3.5,4.3,3.1,1.8,0.8,2.8,1.8,25.4,5.16,9.7,4,5
Rajon Rondo,SEC,34,28,31,4.3,9,0.482,3.8,7,0.54,0.5,1.9,0.273,2,3.5,0.571,1.1,5.1,6.1,4.9,2,0.1,2.3,2.1,11.2,8.88,16,2,3
Kyle Lowry,Big East,33,31,29.3,3.5,7.6,0.466,3.3,7.1,0.468,0.2,0.5,0.444,3.7,4.7,0.786,1.8,2.5,4.3,3.7,2.3,0.2,2.1,2.8,11,9.23,18.4,2,2
Jordan Farmer,Pac-10,37,37,30.4,4.6,11.4,0.41,2.9,6.2,0.472,1.7,5.1,0.333,2.5,3.4,0.717,0.6,2,2.6,5.1,1.1,0.2,3.6,1.7,13.5,8.27,13.3,3,4
Maurice Ager,Big Ten,34,34,34.4,6.6,14.6,0.457,4.2,8.1,0.522,2.4,6.5,0.376,3.6,4.7,0.761,0.7,3.4,4.1,2.5,0.7,0.3,2.6,2.4,19.3,7.27,2.8,4,5
Daniel Gibson,Big 12,37,37,33.2,4.4,10.9,0.405,1.7,3.7,0.456,2.7,7.2,0.38,1.9,2.6,0.726,1.1,2.5,3.6,3.1,1.3,0.3,1.9,2.4,13.4,6.99,10.8,4,5
Dee Brown,Big Ten,33,33,35.8,4.8,13.2,0.359,2.4,5.9,0.407,2.4,7.4,0.321,2.4,3.1,0.757,0.5,2.6,3.1,5.8,1.6,0,2.8,1.8,14.2,6.29,7.9,4,5
Will Blalock,Big 12,30,30,35.7,5.9,13.2,0.447,4.3,9.3,0.468,1.6,3.9,0.398,2,3,0.659,0.8,2.5,3.3,6.1,2.2,0.1,3,1.8,15.4,7.3,4.5,4,5
Mike Conley,Big Ten,39,39,31.6,4.1,7.9,0.518,3.6,6.2,0.579,0.5,1.8,0.304,2.6,3.7,0.694,0.7,2.7,3.4,6.1,2.2,0.3,2.2,1.5,11.3,9.03,17.5,2,3
Acie Law,Big 12,34,34,33.9,6.4,12.7,0.5,5.2,10.3,0.51,1.1,2.4,0.458,4.2,5.4,0.778,0.2,3.1,3.3,5,1.1,0,2.6,2.4,18.1,5.13,9.9,4,5
Javaris Crittenton,ACC,32,31,31.3,4.9,11,0.45,3.8,7.8,0.488,1.1,3.2,0.356,3.4,4.3,0.783,0.9,2.8,3.7,5.8,2,0.1,3.9,2.1,14.4,9.36,10.6,4,5
Aaron Brooks,Pac-10,35,35,36.8,6.1,13.2,0.46,3.8,7.6,0.502,2.3,5.7,0.404,3.3,3.9,0.846,0.9,3.4,4.3,4.3,1.4,0.2,2.5,2.5,17.7,6.3,13.3,3,4
Gabe Pruitt,Pac-10,26,24,33.1,4,9.6,0.416,2.2,4.3,0.496,1.8,5.3,0.35,2.6,3.3,0.8,0.6,2.2,2.8,4.3,1.8,0.3,1.8,2.2,12.5,7.87,7.7,4,5
Taurean Green,SEC,40,40,33.2,3.9,8.7,0.444,1.8,3.6,0.497,2.1,5.1,0.406,3.5,4.2,0.849,0.2,2.2,2.4,3.7,1.1,0,2.7,1.5,13.3,7.34,7,4,5
Ramon Sessions,WAC,34,33,30.2,4.1,9.1,0.452,3.6,7.6,0.465,0.6,1.5,0.38,3.5,4.2,0.825,1.1,3.6,4.7,4.7,0.9,0.2,2.5,1.2,12.3,1.09,15.9,3,3
DJ Strawberry,ACC,34,34,31.9,5.4,11.4,0.477,4.4,8.4,0.525,1,3,0.343,3,4.4,0.685,1.3,3.1,4.4,3.5,2,0.4,2.2,2.6,14.9,7.59,6.2,4,5
Derrick Rose,AAC,40,39,29.2,5.2,10.9,0.477,4.3,8.3,0.521,0.9,2.6,0.337,3.7,5.1,0.712,1.4,3.2,4.5,4.7,1.2,0.4,2.7,1.7,14.9,5.76,18.3,2,2
Russell Westbrook,Pac-10,39,34,33.8,4.7,10,0.465,4,8.1,0.497,0.7,2,0.338,2.7,3.8,0.713,1.6,2.4,3.9,4.3,1.6,0.2,2.5,2.4,12.7,7.71,23.5,1,1
DJ Augustin,Big 12,38,38,37.3,6.4,14.5,0.439,4.4,9.4,0.471,1.9,5.1,0.381,4.6,5.8,0.783,0.5,2.4,2.9,5.8,1.2,0,2.8,1.6,19.2,8.59,14.2,3,4
Jerryd Bayless,Pac-10,30,30,35.7,5.8,12.6,0.458,3.8,7.8,0.489,2,4.8,0.407,6.2,7.4,0.839,0.4,2.3,2.7,4,1,0.1,3,2.2,19.7,10.22,12.2,4,4
George Hill,Summit,32,32,36.8,6.9,12.6,0.545,5.3,9.2,0.58,1.5,3.4,0.45,6.2,7.7,0.812,1.5,5.2,6.8,4.3,1.8,0.4,2.9,2.8,21.5,-2.41,15.1,3,3
Mario Chalmers,Big 12,39,38,30,4.2,8.2,0.516,2.3,4.2,0.562,1.9,4,0.468,2.5,3.3,0.746,0.4,2.7,3.1,4.3,2.5,0.6,1.9,2.5,12.8,8.2,12.7,4,4
Sean Singletary,ACC,33,33,34,6.2,14.4,0.426,4.4,9.6,0.456,1.8,4.8,0.367,5.7,6.7,0.851,0.8,3.1,3.8,6.1,1.8,0,3.9,2.7,19.8,5.63,6.7,4,5
Mike Taylor,Big 12,31,30,35,5.3,14.2,0.376,2.8,7.3,0.391,2.5,6.9,0.36,2.8,4.2,0.682,0.7,3.4,4.1,4.5,1.1,0.1,5.4,2.9,16,5.19,10.1,4,5
Jonny Flynn,Big East,38,38,37.3,5.8,12.5,0.46,4.6,8.8,0.521,1.2,3.7,0.317,4.7,6,0.786,0.6,2.2,2.7,6.7,1.4,0.2,3.4,1.4,17.4,9.48,11.3,4,4
Stephen Curry,Southern,34,34,33.7,9.2,20.2,0.454,5.4,10.3,0.519,3.8,9.9,0.387,6.5,7.4,0.876,0.6,3.8,4.4,5.6,2.5,0.2,3.7,2.4,28.6,-3.33,23.8,1,1
Jrue Holiday,Pac-10,35,35,27.1,3.2,7.1,0.45,2.4,4.6,0.528,0.8,2.5,0.307,1.3,1.8,0.726,1.3,2.5,3.8,3.7,1.6,0.5,2.1,2.1,8.5,7.19,16.9,2,3
Ty Lawson,ACC,35,35,29.9,5.2,9.8,0.532,3.7,6.7,0.56,1.5,3.1,0.472,4.7,5.9,0.798,0.7,2.3,3,6.6,2.1,0.1,1.9,1.7,16.6,8.35,17.2,2,3
Jeff Teague,ACC,31,31,32,5.8,12,0.485,4.4,8.7,0.502,1.5,3.3,0.441,5.8,7.1,0.817,0.5,2.8,3.3,3.5,1.9,0.6,3.4,2.2,18.8,7.36,17,2,3
Eric Maynor,CAA,34,34,35.5,7.3,15.8,0.463,5.4,10.4,0.516,1.9,5.4,0.361,5.8,7.1,0.815,0.5,3.1,3.6,6.2,1.7,0.2,3,2.4,22.4,-0.65,10.6,4,5
Darren Collison,Pac-10,35,35,31.5,5,9.8,0.509,3.8,6.9,0.558,1.2,3,0.394,3.2,3.6,0.897,0.5,1.9,2.4,4.7,1.6,0.1,2.5,1.5,14.4,7.19,16.2,2,3
Toney Douglas,ACC,35,35,36.5,6.8,15.3,0.446,4.4,9,0.489,2.4,6.3,0.385,5.4,6.6,0.81,0.8,3.1,3.9,2.9,1.8,0.4,2.5,2.2,21.5,7.91,13.2,3,4
Patrick Beverly,SEC,35,33,33.8,3.9,9.4,0.412,2,4.5,0.449,1.9,4.9,0.378,2.4,3.8,0.644,1.2,5.4,6.6,2.4,1.3,0.5,2,2.4,12.1,6.73,12.5,4,4
Nick Calathes,SEC,36,35,33.3,5.7,11.8,0.482,3.7,6.6,0.555,2,5.2,0.39,3.8,5.3,0.707,0.9,4.5,5.3,6.4,1.9,0.2,3.3,1.9,17.2,3.88,12.3,4,4
AJ Price,Big East,35,35,31.8,4.9,11.9,0.408,2.5,6.1,0.413,2.3,5.8,0.402,2.7,3.7,0.721,0.6,2.9,3.5,4.7,0.7,0,2.7,1.3,14.7,8.57,12.2,4,4
Lester Hudson,OVC,32,32,36,9.8,21.8,0.449,6.5,12.4,0.52,3.3,9.3,0.355,4.6,5.3,0.881,2.2,5.8,7.9,4.2,2.3,0.6,3.3,2.7,27.5,-4.9,13,3,4
John Wall,SEC,37,37,34.8,5.5,11.8,0.461,4.5,8.8,0.509,1,3.1,0.325,4.7,6.3,0.754,0.8,3.5,4.3,6.5,1.8,0.5,4,1.9,16.6,6.82,19.4,2,2
Eric Bledsoe,SEC,37,35,30.3,3.9,8.4,0.462,2.6,5,0.516,1.3,3.5,0.383,2.2,3.3,0.667,0.5,2.6,3.1,2.9,1.4,0.3,3,2.2,11.3,6.82,18.1,2,2
Greivis Vasquez,ACC,33,32,33.9,6.7,15.5,0.429,4.6,9.7,0.47,2.1,5.8,0.359,4.2,4.9,0.857,1.2,3.5,4.6,6.3,1.7,0.4,3.4,2.1,19.6,7.95,13.7,3,4
Armon Johnson,WAC,34,34,34.5,6.4,13,0.495,5.9,10.9,0.544,0.5,2.1,0.239,2.4,3.5,0.678,0.8,2.6,3.4,5.6,0.8,0.4,3.4,1.8,15.7,2.56,10.4,4,5
Willie Warren,Big 12,21,19,32.3,5,11.5,0.438,3.6,6.9,0.524,1.4,4.6,0.309,4.8,6,0.795,0.7,2.6,3.3,4.1,1,0,3.8,2.3,16.3,7.79,10.8,4,5
Kyrie Irving,ACC,11,8,27.5,5,9.5,0.529,3.4,5.9,0.569,1.6,3.5,0.462,5.8,6.5,0.901,0.5,2.8,3.4,4.3,1.5,0.5,2.5,2.1,17.5,8.32,22.2,1,1
Brandon Knight,SEC,38,38,35.9,5.7,13.5,0.423,3.4,7.4,0.461,2.3,6.1,0.377,3.6,4.5,0.795,0.7,3.4,4,4.2,0.7,0.2,3.2,2.2,17.3,8.91,13.7,3,4
Kemba Walker,Big East,41,41,37.6,7.7,18,0.428,5.9,12.5,0.471,1.8,5.5,0.33,6.3,7.7,0.819,1.3,4.1,5.4,4.5,1.9,0.2,2.3,1.4,23.5,10.44,19.4,2,2
Jimmer Fredette,MWC,37,37,35.8,9.4,20.7,0.452,6,12.2,0.491,3.4,8.5,0.396,6.8,7.6,0.894,0.6,2.8,3.4,4.3,1.3,0,3.5,1.3,28.9,5.76,12.5,4,4
Nolan Smith,ACC,37,37,34,7,15.4,0.458,5.5,10.9,0.501,1.5,4.4,0.35,5.1,6.2,0.813,1.2,3.3,4.5,5.1,1.2,0.1,3.2,1.9,20.6,8.32,7.5,4,5
Reggie Jackson,ACC,34,32,34.1,6.4,12.8,0.503,4.4,7.8,0.556,2.1,5,0.42,3.2,4,0.796,1,3.3,4.3,4.5,1.1,0.5,2.4,1.7,18.2,7.31,16,2,3
Norris Cole,Horizon,36,36,35.7,7,15.9,0.439,5.6,11.8,0.473,1.4,4.1,0.342,6.3,7.4,0.853,0.8,5.1,5.8,5.3,2.2,0.1,2.7,2.4,21.7,1.74,9.2,4,5
Cory Joseph,Big 12,36,36,32.4,3.8,8.9,0.422,2.3,5.4,0.429,1.4,3.5,0.413,1.4,2,0.699,0.6,2.9,3.6,3,1,0.3,1.5,1.8,10.4,7.96,12.2,4,4
Shelvin Mack,Horizon,38,37,32.1,5.3,13,0.408,3,6.5,0.462,2.3,6.5,0.354,3.2,4.1,0.769,0.7,3.8,4.5,3.4,0.8,0.1,2.4,1.7,16,5.02,12.3,4,4
Darius Morris,Big Ten,35,34,34.8,5.7,11.7,0.489,5.3,9.9,0.533,0.5,1.8,0.25,3.1,4.3,0.715,0.9,3.1,4,6.7,1,0,2.9,2.1,15,10.68,7.7,4,5
Charles Jenkins,CAA,33,33,37.3,7.5,14.6,0.517,5.5,9.8,0.563,2,4.8,0.42,5.5,6.7,0.824,0.5,2.8,3.4,4.8,1.7,0.7,2.2,2,22.6,0.13,10.7,4,5
Andrew Goudelock,Southern,37,37,35.2,8.6,18.9,0.455,5.1,10.2,0.496,3.5,8.7,0.407,3,3.6,0.821,0.7,3.2,3.9,4.2,0.9,0.2,3.2,1.8,23.7,-1.05,8.6,4,5
Josh Selby,Big 12,26,11,20.4,2.8,7.4,0.373,1.5,3.8,0.384,1.3,3.6,0.362,1.1,1.4,0.757,0.4,1.8,2.2,2.2,0.8,0,2,1.7,7.9,7.62,2.7,4,5
Isaiah Thomas,Pac-10,35,35,31.9,5.4,12.1,0.445,3.7,7.1,0.512,1.7,4.9,0.349,4.3,6,0.719,0.7,2.8,3.5,6.1,1.3,0.1,3,2.1,16.8,7.74,19.8,2,2
Damian Lillard,Big Sky,32,32,34.5,7.2,15.5,0.467,4.3,8.3,0.517,2.9,7.2,0.409,7.1,8,0.887,0.5,4.5,5,4,1.5,0.2,2.3,1.9,24.5,-3.65,21.9,1,1
Kendall Marshall,ACC,36,35,33,2.9,6.3,0.467,2.1,4.1,0.527,0.8,2.2,0.354,1.5,2.2,0.696,0.2,2.4,2.6,9.8,1.2,0.2,2.8,1.6,8.1,7.07,10.7,4,5
Tony Wroten,Pac-12,35,27,30.3,5.7,12.8,0.443,5.4,11.2,0.483,0.3,1.6,0.161,4.4,7.5,0.583,2.3,2.7,5,3.7,1.9,0.4,3.8,2.7,16,5.27,12.6,4,4
Marquis Teague,SEC,40,40,32.6,3.6,8.8,0.412,3,6.8,0.438,0.7,2,0.325,2.1,3,0.714,0.4,2.1,2.5,4.8,0.9,0.3,2.7,2.3,10,7.93,4.9,4,5
Tyshawn Taylor,Big 12,39,38,33.4,5.8,12.2,0.477,4.3,8.3,0.522,1.5,3.9,0.382,3.5,5.1,0.688,0.2,2.1,2.3,4.8,1.3,0.2,3.5,2,16.6,9.93,5.8,4,5
Victor Oladipo,Big Ten,36,36,28.4,5.1,8.4,0.599,4.2,6.6,0.644,0.8,1.9,0.441,2.7,3.6,0.746,2.6,3.7,6.3,2.1,2.2,0.8,2.3,2.5,13.6,8.38,16.6,2,3
Trey Burke,Big Ten,39,39,35.3,6.6,14.4,0.463,4.7,9.3,0.506,1.9,5.1,0.384,3.4,4.3,0.801,0.5,2.6,3.2,6.7,1.6,0.5,2.2,1.9,18.6,10.05,14,3,4
Michael Carter-Williams,Big East,40,40,35.2,3.9,9.9,0.393,3,6.9,0.436,0.9,3,0.294,3.2,4.7,0.694,1.3,3.7,5,7.3,2.7,0.5,3.5,2.3,11.9,8.57,13.9,3,4
Shane Larkin,ACC,36,35,36.4,5.1,10.6,0.479,3.2,5.9,0.538,1.9,4.7,0.406,2.4,3.1,0.777,0.5,3.4,3.8,4.6,2,0.1,2.3,1.6,14.5,7.88,11.4,4,4
Isaiah Canaan,OVC,31,30,36.5,6.9,16.1,0.431,3.9,7.9,0.494,3,8.2,0.37,4.9,6,0.822,0.6,2.9,3.5,4.3,1.5,0.1,3.2,1.9,21.8,-2.89,10.7,4,5
Ray McCallum Jr.,Horizon,33,33,36.6,6.5,13.2,0.491,5.2,9.3,0.562,1.3,3.9,0.323,4.5,6.2,0.717,1.3,3.8,5.1,4.5,1.9,0.6,2.1,2,18.7,1.62,11,4,4
Nate Wolters,Summit,33,33,38.1,7.3,15.1,0.485,5.4,10,0.539,1.9,5.1,0.379,5.7,7,0.813,1.1,4.5,5.6,5.8,1.7,0.1,2.3,1.5,22.3,-3.27,11.3,4,4
Pierre Jackson,Big 12,36,35,34.8,6,14.1,0.427,3.6,7.3,0.49,2.4,6.8,0.359,5.3,6.7,0.8,0.7,3.1,3.8,7.1,1.5,0,3.4,2.2,19.8,7.13,13,3,4
Erick Green,ACC,32,32,36.4,8.2,17.2,0.475,6.3,12.3,0.509,1.9,4.9,0.389,6.8,8.3,0.816,0.5,3.5,4,3.8,1.3,0.2,2.2,1.4,25,6.27,9.3,4,5
Lorenzo Brown,ACC,33,32,34.2,4.2,10.1,0.419,3.6,7.8,0.465,0.6,2.3,0.263,3.3,4.2,0.771,0.7,3.7,4.3,7.2,2,0.6,3.5,2,12.4,7.17,9,4,5
Peyton Siva,Big East,40,40,31.2,3.5,8.6,0.404,2.5,5.3,0.476,1,3.3,0.288,2.1,2.5,0.867,0.3,2.1,2.4,5.7,2.3,0.2,2.7,2.6,10,9.13,5.7,4,5
Marcus Smart,Big 12,31,31,32.7,5.3,12.5,0.422,3.7,7.2,0.514,1.6,5.3,0.299,5.9,8.1,0.728,1.4,4.5,5.9,4.8,2.9,0.6,2.6,2.9,18,8.34,12.1,4,4
Elfrid Payton,Sun Belt,35,34,35.9,6.8,13.3,0.509,6.4,11.8,0.541,0.4,1.5,0.259,5.3,8.6,0.609,2.3,3.7,6,5.9,2.3,0.6,3.6,2.4,19.2,-0.28,15.3,3,3
Tyler Ennis,ACC,34,34,35.7,4.4,10.6,0.411,3.5,8.1,0.429,0.9,2.5,0.353,3.4,4.4,0.765,0.8,2.6,3.4,5.5,2.1,0.2,1.7,2,12.9,7.25,10.3,4,5
Shabazz Napier,AAC,40,40,35.1,5.3,12.4,0.429,3.2,7,0.448,2.2,5.4,0.405,5.2,6,0.87,1,4.9,5.9,4.9,1.8,0.3,2.9,2.1,18,8.63,13,3,4
Spencer Dinwiddle,Pac-12,17,17,31.1,3.6,7.7,0.466,2.1,4,0.515,1.5,3.7,0.413,6,7,0.857,0.5,2.6,3.1,3.8,1.5,0.2,1.8,1.9,14.7,8.8,15.5,3,3
Nick Johnson,Pac-12,38,38,33.1,5.4,12.5,0.432,3.8,8,0.469,1.6,4.4,0.367,3.8,4.9,0.781,0.8,3.2,4.1,2.8,1.1,0.7,1.7,2,16.3,9.04,4.8,4,5
Jordan Clarkson,SEC,35,35,35.1,6,13.3,0.448,5.1,10.1,0.501,0.9,3.3,0.281,4.6,5.6,0.831,0.8,3,3.8,3.4,1.1,0.2,2.7,2.2,17.5,6.86,15.6,3,3
Russ Smith,AAC,37,36,29.3,6.1,13,0.468,4.2,8.1,0.517,1.9,4.9,0.387,4.1,5.9,0.705,0.8,2.5,3.3,4.6,2,0.1,2.8,2.5,18.2,4.8,7.8,4,5
Semaj Christon ,Big East,34,34,35.3,5.9,12.4,0.479,5.4,10.9,0.491,0.6,1.4,0.388,4.6,6.9,0.668,0.4,2.2,2.7,4.2,1.3,0.2,2.6,2.1,17,8.14,5.7,4,5
D'Angelo Russell,Big Ten,35,34,33.9,6.6,14.7,0.449,3.9,8.1,0.479,2.7,6.6,0.411,3.4,4.5,0.756,1,4.7,5.7,5,1.6,0.3,2.9,2.1,19.3,7.37,16.4,2,3
Cameron Payne,OVC,35,35,32.2,7,15.3,0.456,4.6,9,0.513,2.4,6.4,0.377,3.8,4.8,0.787,0.6,3.1,3.7,6,1.9,0.5,2.5,2.1,20.2,-2.81,11.4,4,4
Terry Rozier,ACC,36,35,35,5.9,14.5,0.411,4.6,10.1,0.456,1.3,4.4,0.306,3.9,4.9,0.79,1.2,4.4,5.6,3,2,0.2,2.2,1.7,17.1,8.98,13.4,3,4
Jerian Grant,ACC,38,38,37.1,5.4,11.2,0.478,4.1,7.1,0.572,1.3,4.2,0.316,4.5,5.7,0.78,0.3,2.7,3,6.7,1.7,0.5,2.2,2,16.5,7.02,12.6,4,4
Delon Wright,Pac-12,35,35,33.3,4.7,9.3,0.509,4,7.2,0.554,0.7,2.1,0.356,4.4,5.2,0.836,1,4,4.9,5.1,2.1,1,1.9,1.4,14.5,7.42,16,2,3
Tyus Jones,ACC,39,39,33.9,3.5,8.3,0.417,2.3,5.1,0.44,1.2,3.2,0.379,3.7,4.2,0.889,0.5,3,3.5,5.6,1.5,0.1,1.9,1.2,11.8,9.87,14,3,4
Joe Young,Pac-12,36,35,36.7,7.4,16.4,0.448,4.8,9.4,0.516,2.5,7.1,0.357,3.4,3.7,0.925,0.5,3.9,4.4,3.8,1.1,0,2.4,1.4,20.7,7.65,10.2,4,5
Ben Simmons,SEC,33,32,34.9,6.5,11.7,0.56,6.5,11.6,0.561,0,0.1,0.333,6,9,0.67,3.1,8.6,11.8,4.8,2,0.8,3.4,2.8,19.2,7,20.2,1,1
Kris Dunn,Big East,33,32,33,5.6,12.5,0.448,4.3,9,0.477,1.3,3.4,0.372,4,5.8,0.695,1.1,4.2,5.3,6.2,2.5,0.6,3.5,2.8,16.4,8.46,11.9,4,4
Jamal Murray,SEC,36,36,35.2,6.8,14.9,0.454,3.6,7.3,0.502,3.1,7.7,0.408,3.3,4.2,0.783,1.5,3.7,5.2,2.2,1,0.3,2.3,2.1,20,8.84,15.5,3,3
Wade Baldwin,SEC,33,30,30.4,4.1,9.6,0.427,2.8,6.5,0.437,1.2,3.1,0.406,4.7,5.9,0.799,0.4,3.6,4,5.2,1.2,0.3,2.8,2.6,14.1,8.68,7.1,4,5
Dejounte Murray,Pac-12,34,34,33.5,5.9,14.3,0.416,4.9,10.8,0.457,1,3.5,0.288,3.2,4.9,0.663,1.4,4.6,6,4.4,1.8,0.3,3.2,2.6,16.1,8.12,15.4,3,3
Tyler Ulis,SEC,35,35,36.8,5.5,12.6,0.434,3.9,8.1,0.486,1.6,4.6,0.344,4.8,5.6,0.856,0.5,2.5,3,7,1.5,0.1,2,1.8,17.3,8.84,11.3,4,4
Malcolm Brogdon,ACC,37,37,34.1,6.2,13.6,0.457,4.2,8.4,0.498,2,5.2,0.391,3.8,4.2,0.897,0.5,3.5,4.1,3.1,0.9,0.2,1.4,2.1,18.2,11.12,16.2,2,3
Isaiah Whitehead,Big East,34,33,32.3,5.7,15.1,0.379,3.3,8.5,0.39,2.4,6.5,0.365,4.4,5.8,0.76,0.5,3.1,3.6,5.1,1.2,1.4,3.5,2.3,18.2,8.28,7.9,4,5
Demetrius Jackson,ACC,35,35,36,5.5,12.2,0.451,4,7.6,0.525,1.5,4.7,0.331,3.2,4,0.813,0.9,2.6,3.5,4.7,1.2,0.3,2.2,1.9,15.8,9.57,13,3,4
Kay Felder,Horizon,35,35,36.7,7.7,17.5,0.44,5.5,11.4,0.485,2.2,6.1,0.355,6.8,8.1,0.848,0.7,3.5,4.3,9.3,2,0.2,3.4,3,24.4,-1.61,9.3,4,5
Marcus Paige,ACC,34,34,31.6,4.1,10.4,0.398,2,4.3,0.459,2.2,6.1,0.356,2.1,2.7,0.774,0.4,2.1,2.5,3.8,1.1,0.4,1.2,1.5,12.6,10.69,9.1,4,5
Tyrone Wallace,Pac-12,28,25,32.2,5.4,12.3,0.44,4.5,9.3,0.486,0.9,3,0.298,3.6,5.5,0.649,1,4.3,5.3,4.4,1,0.4,2.6,2.3,15.3,7.87,8.3,4,5
Markelle Fultz,Pac-12,25,25,35.7,8.4,17.6,0.476,6.3,12.5,0.502,2.1,5,0.413,4.4,6.7,0.649,1.3,4.4,5.7,5.9,1.6,1.2,3.2,2.5,23.2,6.82,13.5,3,4
Lonzo Ball,Pac-12,36,36,35.1,5.3,9.5,0.551,3,4.1,0.732,2.2,5.4,0.412,1.8,2.7,0.673,0.9,5.1,6,7.6,1.8,0.8,2.5,1.8,14.6,6.39,12.7,4,4
De'Aaron Fox,SEC,36,34,29.6,5.9,12.4,0.479,5.5,10.5,0.521,0.5,1.9,0.246,4.3,5.9,0.736,0.6,3.4,4,4.6,1.5,0.2,2.4,2.5,16.7,10.49,16.3,2,3
Dennis Smith Jr.,ACC,32,32,34.8,6,13.1,0.455,4.3,8.3,0.509,1.7,4.8,0.359,4.5,6.3,0.715,0.8,3.8,4.6,6.2,1.9,0.4,3.4,2.1,18.1,8.09,11.9,4,4
Derrick White,Pac-12,34,32,32.8,6,11.9,0.507,4.4,7.6,0.569,1.7,4.2,0.396,4.4,5.4,0.813,1,3.1,4.1,4.4,1.2,1.4,2.4,2.1,18.1,6,15.3,3,3
Frank Jackson,ACC,36,16,24.9,3.7,7.8,0.473,2.3,4.2,0.539,1.4,3.6,0.395,2.1,2.8,0.755,0.6,1.9,2.5,1.7,0.6,0.1,1.4,2.4,10.9,10.91,8.8,4,5
Frank Mason III,Big 12,36,36,36.1,6.7,13.7,0.49,4.4,8.8,0.5,2.3,4.8,0.471,5.3,6.6,0.794,0.6,3.6,4.2,5.2,1.3,0.1,2.4,2,20.9,12.23,12.5,4,4
Jawun Evans,Big 12,32,32,29.3,6.6,15.1,0.438,5.5,12.1,0.452,1.1,3,0.379,4.8,6,0.812,0.8,2.7,3.4,6.4,1.8,0.1,2.8,2.3,19.2,12.22,6.7,4,5
Monte Morris,Big 12,35,35,35.3,6.2,13.3,0.465,4.6,9.2,0.503,1.5,4.1,0.378,2.5,3.2,0.802,1.1,3.7,4.8,6.2,1.5,0.3,1.2,1.5,16.4,11.94,15.8,3,3
Edmond Sumner,Big East,21,20,33.1,4.8,10,0.479,4.2,8,0.533,0.6,2.1,0.273,4.8,6.5,0.735,0.5,3.8,4.3,5,1.3,0.8,2.8,2.4,15,11.51,9.2,4,5
Nigel Williams-Goss,WCC,38,38,32.8,5.8,11.9,0.486,4.7,8.8,0.527,1.1,3.1,0.368,4.1,4.8,0.867,0.6,5.4,6,4.7,1.7,0.1,2.1,1.6,16.8,4.13,5.7,4,5
Trae Young,Big 12,32,32,35.4,8.2,19.3,0.422,4.5,9.1,0.493,3.7,10.3,0.36,7.4,8.6,0.861,0.4,3.5,3.9,8.7,1.7,0.3,5.2,1.8,27.4,10.56,20.2,1,1
Collin Sexton,SEC,33,32,29.9,5.9,13.3,0.447,4.6,9.3,0.495,1.3,4,0.336,5.9,7.6,0.778,1,2.7,3.8,3.6,0.8,0.1,2.8,2.5,19.2,10.64,14,3,4
Shai Gilgeous-Alexander,SEC,37,24,33.7,4.9,10.2,0.485,4.3,8.6,0.5,0.6,1.5,0.404,3.9,4.7,0.817,0.9,3.2,4.1,5.1,1.6,0.5,2.7,1.7,14.4,10.73,15.7,3,3
Aaron Holiday,Pac-12,33,33,37.7,6.4,13.9,0.461,3.8,7.7,0.486,2.7,6.2,0.429,4.8,5.8,0.828,0.5,3.2,3.7,5.8,1.3,0.2,3.8,2.6,20.3,6.86,11.8,4,4
Landry Shamet,AAC,32,32,31.7,4.8,9.8,0.489,2.2,3.9,0.56,2.6,5.9,0.442,2.7,3.2,0.825,0.4,2.8,3.2,5.2,0.7,0.2,2.1,1.9,14.9,5.46,10.2,4,5
Jevon Carter,Big 12,37,37,35.5,5.8,13.8,0.422,3.7,8.5,0.441,2.1,5.3,0.393,3.6,4.2,0.858,0.8,3.9,4.6,6.6,3,0.4,2.6,3,17.3,9.36,9.3,4,5
Jalen Brunson,Big East,40,40,31.8,6.8,13,0.521,4.6,7.7,0.599,2.2,5.3,0.408,3.3,4.1,0.802,0.3,2.8,3.1,4.6,0.9,0,1.8,2,18.9,10.24,13.6,3,4
Devonte' Graham,Big 12,39,39,37.8,5.1,12.8,0.4,2.3,5.8,0.392,2.8,6.9,0.406,4.3,5.2,0.827,0.6,3.4,4,7.2,1.6,0.1,2.8,1.4,17.3,11.87,14.5,3,4
Shake Milton,AAC,22,22,36.4,5.6,12.5,0.449,3,6.6,0.462,2.5,5.9,0.434,4.3,5,0.847,0.6,4,4.7,4.4,1.4,0.6,2.3,1.7,18,3.66,13.4,3,4
Ja Morant,OVC,33,33,36.6,8,16.1,0.499,6.3,11.3,0.556,1.7,4.8,0.363,6.7,8.2,0.813,1.2,4.5,5.7,10,1.8,0.8,5.2,1.5,24.5,-3.11,18,2,2
Darius Garland,SEC,5,5,27.8,5.8,10.8,0.537,3.6,6.2,0.581,2.2,4.6,0.478,2.4,3.2,0.75,0.4,3.4,3.8,2.6,0.8,0.4,3,1.4,16.2,7.79,8.5,4,5
Coby White,ACC,35,35,28.5,5.4,12.7,0.423,3,6.1,0.5,2.3,6.6,0.353,3,3.7,0.8,0.3,3.2,3.5,4.1,1.1,0.3,2.7,1.9,16.1,11.35,11.9,4,4
Ty Jerome,ACC,37,37,33.9,4.8,11.1,0.435,2.7,5.7,0.469,2.1,5.4,0.399,1.8,2.5,0.736,0.5,3.8,4.2,5.5,1.5,0,1.6,1.7,13.6,10.15,8.1,4,5
Carsen Edwards,Big Ten,36,36,35.4,7.7,19.5,0.394,3.9,9,0.44,3.8,10.6,0.355,5.1,6.1,0.837,0.4,3.2,3.6,2.9,1.3,0.3,3.1,2,24.3,11.99,6.5,4,5
Tremont Waters,SEC,33,29,32.4,5.2,12.1,0.43,3.5,6.9,0.507,1.7,5.2,0.327,3.2,3.9,0.813,0.3,2.5,2.8,5.8,2.9,0.1,3.5,1.9,15.3,9.16,6.5,4,5
Jordan Bone,SEC,37,37,32.9,5,10.8,0.465,3.7,7,0.525,1.4,3.8,0.355,2.1,2.5,0.835,0.5,2.7,3.2,5.8,0.7,0.1,2,1.3,13.5,10.16,0.8,4,5